category,text
打开车道保持辅助,车道保持启用
打开发动机自动启停,开始自动启停
打开发动机自动启停,开一下发动机自动启停
打开发动机自动启停,开一下发动机自动启停系统
打开发动机自动启停,开一下自动启停
打开发动机自动启停,开自动启停
打开发动机自动启停,弄开发动机自动启停
打开发动机自动启停,弄开发动机自动启停系统
打开发动机自动启停,弄开自动启停
打开发动机自动启停,启动发动机自动启停
打开发动机自动启停,启动发动机自动启停系统
打开发动机自动启停,启动自动启停
打开发动机自动启停,启开发动机自动启停
打开发动机自动启停,启开发动机自动启停系统
打开发动机自动启停,启开自动启停
打开发动机自动启停,启用发动机自动启停
打开发动机自动启停,启用发动机自动启停系统
打开发动机自动启停,启用自动启停
打开发动机自动启停,驱动发动机自动启停
打开发动机自动启停,驱动发动机自动启停系统
打开发动机自动启停,驱动自动启停
打开发动机自动启停,运行发动机自动启停
打开顶棚灯,开开[position]车顶灯
打开顶棚灯,开开[position]顶棚灯
打开顶棚灯,开开车顶灯
打开顶棚灯,开开顶灯
打开顶棚灯,开开顶棚灯
打开顶棚灯,开启[position]车顶灯
打开顶棚灯,开启[position]顶棚灯
打开顶棚灯,开启车顶灯
打开顶棚灯,开启顶灯
打开顶棚灯,开启顶棚灯
打开顶棚灯,开一下[position]车顶灯
打开顶棚灯,开一下[position]顶棚灯
打开顶棚灯,开一下车顶灯
打开顶棚灯,开一下顶灯
打开顶棚灯,开一下顶棚灯
打开顶棚灯,启动[position]车顶灯
打开顶棚灯,启动[position]顶棚灯
打开顶棚灯,启动车顶灯
打开顶棚灯,启动顶灯
打开顶棚灯,启动顶棚灯
打开顶棚灯,启用[position]车顶灯
打开顶棚灯,启用[position]顶棚灯
打开顶棚灯,启用车顶灯
打开顶棚灯,启用顶灯
打开顶棚灯,启用顶棚灯
打开顶棚灯,运行[position]车顶灯
打开顶棚灯,运行[position]顶棚灯
打开顶棚灯,运行车顶灯
打开顶棚灯,运行顶灯
打开顶棚灯,运行顶棚灯
打开顶棚灯,运转[position]车顶灯
打开顶棚灯,运转[position]顶棚灯
打开顶棚灯,运转车顶灯
打开顶棚灯,运转顶灯
打开顶棚灯,运转顶棚灯
打开顶棚灯,照亮[position]车顶灯
打开顶棚灯,照亮[position]顶棚灯
打开顶棚灯,照亮车顶灯
打开顶棚灯,照亮顶灯
打开顶棚灯,照亮顶棚灯
打开低速警示音,给我运行低速提示音
打开低速警示音,给我运行低速提醒音
打开低速警示音,给我运行一下低速警示音
打开低速警示音,给我运行一下低速提示音
打开低速警示音,给我运行一下低速提醒音
打开低速警示音,警示音调成低速
打开低速警示音,开开俺的低速警示音
打开低速警示音,开开俺的低速提示音
打开低速警示音,开开俺的低速提醒音
打开低速警示音,开开低速警示音
打开低速警示音,开开低速提示音
打开低速警示音,开开低速提醒音
打开低速警示音,开开我的低速警示音
打开低速警示音,开开我的低速提示音
打开低速警示音,开开我的低速提醒音
打开低速警示音,开开一下低速警示音
打开低速警示音,开开一下低速提示音
打开低速警示音,开开一下低速提醒音
打开低速警示音,开启俺的低速警示音
打开低速警示音,开启俺的低速提示音
打开低速警示音,开启俺的低速提醒音
打开低速警示音,开启低速警示音
打开低速警示音,开启低速提示音
打开低速警示音,开启低速提醒音
打开低速警示音,开启我的低速警示音
打开低速警示音,开启我的低速提示音
打开低速警示音,开启我的低速提醒音
打开低速警示音,开启一下低速警示音
打开低速警示音,开启一下低速提示音
打开低速警示音,开启一下低速提醒音
打开低速警示音,开一下低速警示音
打开低速警示音,开一下低速提示音
打开低速警示音,开一下低速提醒音
打开低速警示音,启动俺的低速警示音
打开低速警示音,启动俺的低速提示音
打开低速警示音,启动俺的低速提醒音
打开低速警示音,启动低速警示音
打开低速警示音,启动低速提示音
打开低速警示音,启动低速提醒音
打开低速警示音,启动我的低速警示音
打开低速警示音,启动我的低速提示音
打开低速警示音,启动我的低速提醒音
打开低速警示音,启动一下低速警示音
打开低速警示音,启动一下低速提示音
打开低速警示音,启动一下低速提醒音
打开低速警示音,提示音调成低速
打开低速警示音,提醒音调成低速
打开低速警示音,运行低速警示音
打开低速警示音,运行低速提示音
打开倒车侧向辅助,运转倒车侧向辅助系统
打开倒车侧向辅助,运转倒车侧向雷达
打开大灯延时熄灭,开启我的大灯延时熄灭
打开大灯延时熄灭,开启我的汽车大灯延时熄灭
打开大灯延时熄灭,开启我的前照灯延时熄灭
打开大灯延时熄灭,开启一下大灯延时熄灭
打开大灯延时熄灭,开启一下汽车大灯延时熄灭
打开大灯延时熄灭,开启一下前照灯延时熄灭
打开大灯延时熄灭,开一下大灯延时熄灭
打开大灯延时熄灭,开一下汽车大灯延时熄灭
打开大灯延时熄灭,开一下前照灯延时熄灭
打开大灯延时熄灭,启动俺的大灯延时熄灭
打开大灯延时熄灭,启动俺的汽车大灯延时熄灭
打开大灯延时熄灭,启动俺的前照灯延时熄灭
打开大灯延时熄灭,启动大灯延时熄灭
打开大灯延时熄灭,启动汽车大灯延时熄灭
打开大灯延时熄灭,启动前照灯延时熄灭
打开大灯延时熄灭,启动我的大灯延时熄灭
打开大灯延时熄灭,启动我的汽车大灯延时熄灭
打开大灯延时熄灭,启动我的前照灯延时熄灭
打开大灯延时熄灭,启动一下大灯延时熄灭
打开大灯延时熄灭,启动一下汽车大灯延时熄灭
打开大灯延时熄灭,启动一下前照灯延时熄灭
打开大灯延时熄灭,汽车大灯延时熄灭给我打开一下
打开大灯延时熄灭,汽车大灯延时熄灭给我开开一下
打开车身稳定系统（esp）,给我开启一下esp
打开车身稳定系统（esp）,给我开启一下车身电子稳定系统
打开车身稳定系统（esp）,给我开启一下车身稳定系统
打开车身稳定系统（esp）,给我开始esp
打开车身稳定系统（esp）,给我开始车身电子稳定系统
打开车身稳定系统（esp）,给我开始车身稳定系统
打开车身稳定系统（esp）,给我开一下esp
打开车身稳定系统（esp）,给我开一下车身电子稳定系统
打开车身稳定系统（esp）,给我开一下车身稳定系统
打开车身稳定系统（esp）,给我弄开esp
打开车身稳定系统（esp）,给我弄开车身电子稳定系统
打开车身稳定系统（esp）,给我弄开车身稳定系统
打开车身稳定系统（esp）,给我启动esp
打开车身稳定系统（esp）,给我启动车身电子稳定系统
打开车身稳定系统（esp）,给我启动车身稳定系统
打开车身稳定系统（esp）,给我启用esp
打开车身稳定系统（esp）,给我启用车身电子稳定系统
打开车身稳定系统（esp）,给我启用车身稳定系统
打开车身稳定系统（esp）,给我用一下esp
打开车身稳定系统（esp）,给我用一下车身电子稳定系统
打开车身稳定系统（esp）,给我用一下车身稳定系统
打开车身稳定系统（esp）,给我用用esp
打开车身稳定系统（esp）,给我用用车身电子稳定系统
打开车身稳定系统（esp）,给我用用车身稳定系统
打开车身稳定系统（esp）,给我运行esp
打开车身稳定系统（esp）,给我运行车身电子稳定系统
打开车身稳定系统（esp）,给我运行车身稳定系统
打开车身稳定系统（esp）,给我运转esp
打开车身稳定系统（esp）,给我运转车身电子稳定系统
打开车身稳定系统（esp）,给我运转车身稳定系统
打开车身稳定系统（esp）,开esp
打开车身稳定系统（esp）,开车身电子稳定系统
打开车身稳定系统（esp）,开车身稳定系统
打开车身稳定系统（esp）,开动一下esp
打开车身稳定系统（esp）,开动一下车身电子稳定系统
打开车身稳定系统（esp）,开动一下车身稳定系统
打开车身稳定系统（esp）,开放esp
打开车身稳定系统（esp）,开放车身电子稳定系统
打开车身稳定系统（esp）,开放车身稳定系统
打开车身稳定系统（esp）,开放一下esp
打开车身稳定系统（esp）,开放一下车身电子稳定系统
打开车身稳定系统（esp）,开放一下车身稳定系统
打开车身稳定系统（esp）,开开esp
打开车身稳定系统（esp）,开开车身电子稳定系统
打开车身稳定系统（esp）,开开车身稳定系统
打开车身稳定系统（esp）,开启esp
打开车身稳定系统（esp）,开启车身电子稳定系统
打开车身稳定系统（esp）,开启车身稳定系统
打开车身稳定系统（esp）,开始esp
打开车身稳定系统（esp）,开始车身电子稳定系统
打开车身稳定系统（esp）,开始车身稳定系统
打开车身稳定系统（esp）,开一下esp
打开车身稳定系统（esp）,开一下车身电子稳定系统
打开车身稳定系统（esp）,开一下车身稳定系统
打开车身稳定系统（esp）,弄开esp
打开车身稳定系统（esp）,弄开车身电子稳定系统
打开车身稳定系统（esp）,弄开车身稳定系统
打开车身稳定系统（esp）,启动esp
打开车身稳定系统（esp）,启动车身电子稳定系统
打开车身稳定系统（esp）,启动车身稳定系统
打开车身稳定系统（esp）,启开esp
打开车身稳定系统（esp）,启开车身电子稳定系统
打开车身稳定系统（esp）,启开车身稳定系统
打开车身稳定系统（esp）,启用esp
打开车身稳定系统（esp）,启用车身电子稳定系统
打开车身稳定系统（esp）,启用车身稳定系统
打开车身稳定系统（esp）,用用esp
打开车身稳定系统（esp）,用用车身电子稳定系统
打开车身稳定系统（esp）,用用车身稳定系统
打开车身稳定系统（esp）,运行esp
打开车身稳定系统（esp）,运行车身电子稳定系统
打开车身稳定系统（esp）,运行车身稳定系统
打开车身稳定系统（esp）,运转esp
打开车身稳定系统（esp）,运转车身电子稳定系统
打开车身稳定系统（esp）,运转车身稳定系统
打开车道保持辅助,车道保持驱动
打开车道保持辅助,车道保持运行
打开车道保持辅助,车道保持运行一下
打开车道保持辅助,车道保持运转
打开车道保持辅助,打开车道保持
打开车道保持辅助,打开车道保持辅助
打开车道保持辅助,打开车道保持辅助系统
打开车道保持辅助,发动车道保持
打开车道保持辅助,发动车道保持辅助
打开车道保持辅助,发动车道保持辅助系统
打开车道保持辅助,给我打开车道保持
打开车道保持辅助,给我打开车道保持辅助
打开车道保持辅助,给我打开车道保持辅助系统
打开车道保持辅助,给我打开一下车道保持
打开车道保持辅助,给我打开一下车道保持辅助
打开车道保持辅助,给我打开一下车道保持辅助系统
打开车道保持辅助,给我发动车道保持
打开车道保持辅助,给我发动车道保持辅助
打开车道保持辅助,给我发动车道保持辅助系统
打开车道保持辅助,给我放开车道保持辅助系统
打开车道保持辅助,给我开开车道保持
打开车道保持辅助,给我开开车道保持辅助
打开车道保持辅助,给我开开车道保持辅助系统
打开车道保持辅助,给我开启车道保持
打开车道保持辅助,给我开启车道保持辅助
打开车道保持辅助,给我开启车道保持辅助系统
打开车道保持辅助,给我开启一下车道保持
打开车道保持辅助,给我开启一下车道保持辅助
打开车道保持辅助,给我开启一下车道保持辅助系统
打开车道保持辅助,给我开始车道保持
打开车道保持辅助,给我开始车道保持辅助
打开车道保持辅助,给我开始车道保持辅助系统
打开车道保持辅助,给我开一下车道保持
打开车道保持辅助,给我开一下车道保持辅助
打开车道保持辅助,给我开一下车道保持辅助系统
打开车道保持辅助,给我弄开车道保持
打开车道保持辅助,给我弄开车道保持辅助
打开车道保持辅助,给我弄开车道保持辅助系统
打开车道保持辅助,给我启动车道保持
打开车道保持辅助,给我启动车道保持辅助
打开车道保持辅助,给我启动车道保持辅助系统
打开车道保持辅助,给我启用车道保持
打开车道保持辅助,给我启用车道保持辅助
打开车道保持辅助,给我启用车道保持辅助系统
打开车道保持辅助,给我驱动车道保持
打开车道保持辅助,给我驱动车道保持辅助
打开车道保持辅助,给我驱动车道保持辅助系统
打开车道保持辅助,给我用一下车道保持
打开车道保持辅助,给我用一下车道保持辅助
打开车道保持辅助,给我用一下车道保持辅助系统
打开车道保持辅助,给我用用那个车道保持
打开车道保持辅助,给我用用那个车道保持辅助
打开车道保持辅助,给我运行车道保持
打开车道保持辅助,给我运行车道保持辅助
打开车道保持辅助,给我运行车道保持辅助系统
打开车道保持辅助,给我运转车道保持
打开车道保持辅助,给我运转车道保持辅助
打开车道保持辅助,给我运转车道保持辅助系统
打开车道保持辅助,开车道保持
打开车道保持辅助,开车道保持辅助
打开车道保持辅助,开车道保持辅助系统
打开车道保持辅助,开动一下车道保持
打开车道保持辅助,开动一下车道保持辅助
打开车道保持辅助,开动一下车道保持辅助系统
打开车道保持辅助,开放车道保持
打开车道保持辅助,开放车道保持辅助
打开车道保持辅助,开放车道保持辅助系统
打开车道保持辅助,开放一下车道保持
打开车道保持辅助,开放一下车道保持辅助
打开车道保持辅助,开放一下车道保持辅助系统
打开车道保持辅助,开开车道保持
打开车道保持辅助,开开车道保持辅助
打开车道保持辅助,开开车道保持辅助系统
打开车道保持辅助,开启车道保持
打开车道保持辅助,开启车道保持辅助
打开车道保持辅助,开启车道保持辅助系统
打开车道保持辅助,开始车道保持
打开车道保持辅助,开始车道保持辅助
打开车道保持辅助,开始车道保持辅助系统
打开车道保持辅助,开一下车道保持
打开车道保持辅助,开一下车道保持辅助
打开车道保持辅助,开一下车道保持辅助系统
打开车道保持辅助,弄开车道保持
打开车道保持辅助,弄开车道保持辅助
打开车道保持辅助,弄开车道保持辅助系统
打开车道保持辅助,启动车道保持
打开车道保持辅助,启动车道保持辅助
打开车道保持辅助,启动车道保持辅助系统
打开车道保持辅助,启开车道保持
打开车道保持辅助,启开车道保持辅助
打开车道保持辅助,启开车道保持辅助系统
打开车道保持辅助,启用车道保持
打开车道保持辅助,启用车道保持辅助
打开车道保持辅助,启用车道保持辅助系统
打开车道保持辅助,驱动车道保持
打开车道保持辅助,驱动车道保持辅助
打开车道保持辅助,驱动车道保持辅助系统
打开车道保持辅助,运行车道保持
打开车道保持辅助,运行车道保持辅助
打开车道保持辅助,运行车道保持辅助系统
打开车道保持辅助,运转车道保持
打开车道保持辅助,运转车道保持辅助
打开车道保持辅助,运转车道保持辅助系统
打开部分遮阳帘,放下[FRACTION]遮阳帘
打开部分遮阳帘,放下[PERCENT]汽车遮阳帘
打开部分遮阳帘,放下[PERCENT]遮阳帘
打开部分遮阳帘,给俺把[PERCENT]遮阳帘开启
打开部分遮阳帘,给俺把[PERCENT]遮阳帘拉开
打开部分遮阳帘,给俺把[PERCENT]遮阳帘启动
打开部分遮阳帘,给俺把[PERCENT]遮阳帘松开
打开部分遮阳帘,给俺把[PERCENT]遮阳帘掀开
打开部分遮阳帘,给俺把[PERCENT]遮阳帘摇开
打开部分遮阳帘,给俺把[PERCENT]遮阳帘展开
打开部分遮阳帘,给俺把[PERCENT]遮阳帘张开
打开部分遮阳帘,给俺开[FRACTION]遮阳帘
打开部分遮阳帘,给俺开[PERCENT]汽车遮阳帘
打开部分遮阳帘,给俺开[PERCENT]遮阳帘
打开部分遮阳帘,给我把[FRACTION]遮阳帘敞开
打开部分遮阳帘,给我把[FRACTION]遮阳帘打开
打开部分遮阳帘,给我把[FRACTION]遮阳帘放下
打开部分遮阳帘,给我把[FRACTION]遮阳帘揭开
打开部分遮阳帘,给我把[FRACTION]遮阳帘开开
打开部分遮阳帘,给我把[FRACTION]遮阳帘开启
打开部分遮阳帘,给我把[FRACTION]遮阳帘拉开
打开部分遮阳帘,给我把[FRACTION]遮阳帘启动
打开部分遮阳帘,给我把[FRACTION]遮阳帘松开
打开部分遮阳帘,给我把[FRACTION]遮阳帘掀开
打开部分遮阳帘,给我把[FRACTION]遮阳帘摇开
打开部分遮阳帘,给我把[FRACTION]遮阳帘展开
打开部分遮阳帘,给我把[FRACTION]遮阳帘张开
打开部分遮阳帘,给我把[PERCENT]汽车遮阳帘敞开
打开部分遮阳帘,给我把[PERCENT]汽车遮阳帘打开
打开部分遮阳帘,给我把[PERCENT]汽车遮阳帘放下
打开部分遮阳帘,给我把[PERCENT]汽车遮阳帘揭开
打开部分遮阳帘,给我把[PERCENT]汽车遮阳帘开开
打开部分遮阳帘,给我把[PERCENT]汽车遮阳帘开启
打开部分遮阳帘,给我把[PERCENT]汽车遮阳帘拉开
打开部分遮阳帘,给我把[PERCENT]汽车遮阳帘启动
打开部分遮阳帘,给我把[PERCENT]汽车遮阳帘松开
打开部分遮阳帘,给我把[PERCENT]汽车遮阳帘掀开
打开部分遮阳帘,给我把[PERCENT]汽车遮阳帘摇开
打开部分遮阳帘,给我把[PERCENT]汽车遮阳帘展开
打开部分遮阳帘,给我把[PERCENT]汽车遮阳帘张开
打开部分遮阳帘,给我把[PERCENT]遮阳帘敞开
打开部分遮阳帘,给我把[PERCENT]遮阳帘打开
打开部分遮阳帘,给我把[PERCENT]遮阳帘放下
打开部分遮阳帘,给我把[PERCENT]遮阳帘揭开
打开部分遮阳帘,给我把[PERCENT]遮阳帘开开
打开部分遮阳帘,给我把[PERCENT]遮阳帘开启
打开部分遮阳帘,给我把[PERCENT]遮阳帘拉开
打开部分遮阳帘,给我把[PERCENT]遮阳帘启动
打开部分遮阳帘,给我把[PERCENT]遮阳帘松开
打开部分遮阳帘,给我把[PERCENT]遮阳帘掀开
打开部分遮阳帘,给我把[PERCENT]遮阳帘摇开
打开部分遮阳帘,给我把[PERCENT]遮阳帘展开
打开部分遮阳帘,给我把[PERCENT]遮阳帘张开
打开部分遮阳帘,给我开[FRACTION]遮阳帘
打开部分遮阳帘,给我开[PERCENT]汽车遮阳帘
打开部分遮阳帘,给我开[PERCENT]遮阳帘
打开部分遮阳帘,揭开[FRACTION]遮阳帘
打开部分遮阳帘,揭开[PERCENT]汽车遮阳帘
打开部分遮阳帘,揭开[PERCENT]遮阳帘
打开部分遮阳帘,开[FRACTION]遮阳帘
打开部分遮阳帘,开[PERCENT]汽车遮阳帘
打开部分遮阳帘,开[PERCENT]遮阳帘
打开部分遮阳帘,开开[FRACTION]遮阳帘
打开部分遮阳帘,开开[PERCENT]汽车遮阳帘
打开部分遮阳帘,开开[PERCENT]遮阳帘
打开部分遮阳帘,开启[FRACTION]遮阳帘
打开部分遮阳帘,开启[PERCENT]汽车遮阳帘
打开部分遮阳帘,开启[PERCENT]遮阳帘
打开部分遮阳帘,拉开[FRACTION]遮阳帘
打开部分遮阳帘,拉开[PERCENT]汽车遮阳帘
打开部分遮阳帘,拉开[PERCENT]遮阳帘
打开部分遮阳帘,启动[FRACTION]遮阳帘
打开部分遮阳帘,启动[PERCENT]汽车遮阳帘
打开部分遮阳帘,启动[PERCENT]遮阳帘
打开部分遮阳帘,松开[FRACTION]遮阳帘
打开部分遮阳帘,松开[PERCENT]汽车遮阳帘
打开部分遮阳帘,松开[PERCENT]遮阳帘
打开部分遮阳帘,掀开[FRACTION]遮阳帘
打开部分遮阳帘,掀开[PERCENT]汽车遮阳帘
打开部分遮阳帘,掀开[PERCENT]遮阳帘
打开部分遮阳帘,摇开[FRACTION]遮阳帘
打开部分遮阳帘,摇开[PERCENT]汽车遮阳帘
打开部分遮阳帘,摇开[PERCENT]遮阳帘
打开部分遮阳帘,展开[FRACTION]遮阳帘
打开部分遮阳帘,展开[PERCENT]汽车遮阳帘
打开部分遮阳帘,展开[PERCENT]遮阳帘
打开部分遮阳帘,张开[FRACTION]遮阳帘
打开部分遮阳帘,张开[PERCENT]汽车遮阳帘
打开部分遮阳帘,张开[PERCENT]遮阳帘
打开WIFI,车载WIFI给俺点开一下
打开WIFI,车载WIFI给俺启动一下
打开WIFI,打开WIFI
打开WIFI,打开车载WIFI
打开WIFI,打开无线网
打开WIFI,点开WIFI
打开WIFI,点开车载WIFI
打开WIFI,点开无线网
打开WIFI,给俺打开WIFI
打开WIFI,给俺打开车载WIFI
打开WIFI,给俺打开无线网
打开WIFI,给俺点开WIFI
打开WIFI,给俺点开车载WIFI
打开WIFI,给俺点开无线网
打开WIFI,给俺解开WIFI
打开WIFI,给俺解开车载WIFI
打开WIFI,给俺解开无线网
打开WIFI,给俺解锁WIFI
打开WIFI,给俺解锁车载WIFI
打开WIFI,给俺解锁无线网
打开WIFI,给俺开动WIFI
打开WIFI,给俺开动车载WIFI
打开WIFI,给俺开动无线网
打开WIFI,给俺开开WIFI
打开WIFI,给俺开开车载WIFI
打开WIFI,给俺开开无线网
打开WIFI,给俺开启WIFI
打开WIFI,给俺开启车载WIFI
打开WIFI,给俺开启无线网
打开WIFI,给俺开一下WIFI
打开WIFI,给俺开一下车载WIFI
打开WIFI,给俺开一下无线网
打开WIFI,给俺弄开WIFI
打开WIFI,给俺弄开车载WIFI
打开WIFI,给俺弄开无线网
打开WIFI,给俺启动WIFI
打开WIFI,给俺启动车载WIFI
打开WIFI,给俺启动无线网
打开WIFI,给俺启开WIFI
打开WIFI,给俺启开车载WIFI
打开WIFI,给俺启开无线网
打开WIFI,给俺运行WIFI
打开WIFI,给俺运行车载WIFI
打开WIFI,给俺运行无线网
打开WIFI,给我打开WIFI
打开WIFI,给我打开车载WIFI
打开WIFI,给我打开无线网
打开WIFI,给我点开WIFI
打开WIFI,给我点开车载WIFI
打开WIFI,给我点开无线网
打开WIFI,给我解开WIFI
打开WIFI,给我解开车载WIFI
打开WIFI,给我解开无线网
打开WIFI,给我解锁WIFI
打开WIFI,给我解锁车载WIFI
打开WIFI,给我解锁无线网
打开WIFI,给我开动WIFI
打开WIFI,给我开开WIFI
打开WIFI,给我开开车载WIFI
打开WIFI,给我开开无线网
打开WIFI,给我开启WIFI
打开WIFI,给我开启车载WIFI
打开WIFI,给我开启无线网
打开WIFI,给我开一下WIFI
打开WIFI,给我开一下车载WIFI
打开WIFI,给我开一下无线网
打开WIFI,给我弄开WIFI
打开WIFI,给我弄开车载WIFI
打开WIFI,给我弄开无线网
打开WIFI,给我启动WIFI
打开WIFI,给我启动车载WIFI
打开WIFI,给我启动无线网
打开WIFI,给我启开WIFI
打开WIFI,给我启开车载WIFI
打开WIFI,给我启开无线网
打开WIFI,给我运行WIFI
打开WIFI,给我运行车载WIFI
打开WIFI,给我运行无线网
打开WIFI,解开WIFI
打开WIFI,解开车载WIFI
打开WIFI,解开无线网
打开WIFI,解锁WIFI
打开WIFI,解锁车载WIFI
打开WIFI,解锁无线网
打开WIFI,开动WIFI
打开WIFI,开动车载WIFI
打开WIFI,开动无线网
打开WIFI,开开WIFI
打开WIFI,开开车载WIFI
打开WIFI,开开无线网
打开WIFI,开启WIFI
打开WIFI,开启车载WIFI
打开WIFI,开一下车载WIFI
打开WIFI,开一下无线网
打开WIFI,弄开WIFI
帮我下单换电申请换电,给我申请下单改换电
帮我下单换电申请换电,给我申请下单改换电池
